startYear,genres,avgruntime
1950,Action,93.3333333333333
1950,Adventure,82.4666666666667
1950,Comedy,87.7314285714286
1950,Crime,86.8
1950,Documentary,77.1379310344828
1950,Drama,95.3379790940767
1950,Horror,96.6666666666667
1950,Romance,88
1950,Thriller,110
