startYear,genres,avgruntime
2000,Action,96.6666666666667
2000,Adventure,118
2000,Biography,71.3333333333333
2000,Comedy,91.9565217391304
2000,Crime,94.2727272727273
2000,Documentary,70.8253968253968
2000,Drama,98.1087662337662
2000,Horror,84.8703703703704
2000,Romance,115.344827586207
2000,Thriller,93.1927710843374
