startYear,genres,avgruntime
1990,Action,95.8962962962963
1990,Adventure,91.6428571428571
1990,Biography,122
1990,Comedy,93.4085106382979
1990,Crime,93.8421052631579
1990,Documentary,73.4784172661871
1990,Drama,97.2467771639042
1990,Horror,90.2857142857143
1990,Romance,97.8947368421053
1990,Thriller,89.9130434782609
