startYear,genres,avgruntime
1980,Action,99.8269230769231
1980,Adventure,90.1666666666667
1980,Biography,84
1980,Comedy,92.3165137614679
1980,Crime,92.1739130434783
1980,Documentary,74.0390625
1980,Drama,97.7798507462687
1980,Horror,91.6071428571429
1980,Romance,95.2
1980,Thriller,95.1111111111111
