startYear,genres,avgruntime
1950,Action,93.33333333
1950,Adventure,82.46666667
1950,Biography,0
1950,Comedy,87.73142857
1950,Crime,86.8
1950,Documentary,77.13793103
1950,Drama,95.33797909
1950,Horror,96.66666667
1950,Romance,88
1950,Thriller,110
