startYear,genres,avgruntime
1970,Action,101.272727272727
1970,Adventure,91
1970,Biography,90.5
1970,Comedy,89.1241134751773
1970,Crime,91.0681818181818
1970,Documentary,75.113475177305
1970,Drama,97.512962962963
1970,Horror,83.2666666666667
1970,Romance,88.0645161290323
1970,Thriller,89.4
