startYear,genres,avgruntime
1960,Action,82.6315789473684
1960,Adventure,99.3076923076923
1960,Biography,138
1960,Comedy,90.4279475982533
1960,Crime,82.78125
1960,Documentary,74.7551020408163
1960,Drama,94.0771276595745
1960,Horror,80.4285714285714
1960,Romance,111.375
1960,Thriller,98.5
