startYear,genres,avgruntime
2020,Action,92.9698795180723
2020,Adventure,87.5945945945946
2020,Biography,83.9473684210526
2020,Comedy,90.6378466557912
2020,Crime,97.1269841269841
2020,Documentary,93.4533826994278
2020,Drama,97.2268954067515
2020,Horror,84.5223880597015
2020,Romance,94.3643410852713
2020,Thriller,89.137323943662
