startYear,genres,avgruntime
2010,Action,99
2010,Adventure,88.7272727272727
2010,Biography,77.5454545454545
2010,Comedy,94
2010,Crime,88.6451612903226
2010,Documentary,73.4132841328413
2010,Drama,95.5330812854442
2010,Horror,82.105504587156
2010,Romance,105.569620253165
2010,Thriller,89.3120567375886
